{
  "eventHeader": {
    "signalId": "0987654321555666777",
    "signalSource": "dfdf-2",
    "signalState": "Active",
    "signalIngressTimestamp": -5919218635408007398,
    "eventId": "E4",
    "eventCategory": "Notification",
    "eventType": "Browse",
    "eventSubType": "Loan",
    "eventDetectionTimestamp": 473297911369627737,
    "createdBy": "Notification",
    "createdDate": 18466
  },
  "signalPayload": {
    "message": "{\"reportSuite\":\"wbg-banking-prd\",\"exclude\":{\"id\":\"0\",\"value\":\"no\",\"description\":\"include\"},\"pageEvent\":{\"id\":\"0\",\"type\":\"page view\",\"description\":\"page view\",\"linkURL\":\"\",\"linkName\":\"\"},\"timeGMT\":1591751571,\"receivedTimeGMT\":1591751571,\"hitIdHigh\":3418260470486106112,\"hitIdLow\":4614230296414686970,\"mcVisIdHigh\":5523996368610008911,\"mcVisIdLow\":7791106134012225216,\"visIdHigh\":\"3107721999840708228\",\"visIdLow\":\"4611686847895624005\",\"visIdType\":3,\"props\":{\"server\":\"banking.westpac.com.au-W04\",\"prop70\":\"6108\",\"prop40\":\"auth\",\"prop9\":\"203.40.163.148\",\"prop7\":\"payment\",\"prop6\":\"wbc\",\"site_section\":\"desktop\",\"prop5\":\"wbc:banking:pay:transfer funds:confirmation\",\"prop4\":\"wbc:banking:pay:transfer funds:confirmation\",\"prop3\":\"wbc:banking:pay:transfer funds\",\"prop39\":\"vid:4.4.0 U:0.19 App:2.16.0 c:20200115 banking env: h:banking.westpac.com.au\",\"prop2\":\"wbc:banking:pay\",\"prop1\":\"wbc:banking\",\"prop52\":\"banking:1.1203.144.2\",\"prop13\":\"banking:(not set):overview_payments_confirmation\",\"prop24\":\"digital\",\"prop35\":\"7eb955f6-0446-11e4-919a-4e2fde3c080a\",\"prop23\":\"wbc:banking:pay:transfer funds\",\"prop15\":\"wbc:banking:olb:manage:payments:sendreceiptbymail\",\"prop26\":\"https:\\/\\/banking.westpac.com.au\\/secure\\/banking\\/overview\\/payments\\/confirmation?(WLID)\",\"prop25\":\"55239963686100089117791106134012225216\",\"prop69\":\"2632\"},\"evars\":{\"evars\":{\"eVar23\":\"wbc:banking:pay:transfer funds\",\"eVar9\":\"203.40.163.148\",\"eVar8\":\"33\",\"eVar7\":\"desktop\",\"eVar10\":\"Wed 11:00\",\"eVar21\":\"wbc:banking:pay:transfer funds:confirmation\",\"eVar6\":\"wbc\",\"eVar27\":\"Mozilla\\/5.0 (Macintosh; Intel Mac OS X 10_8_5) AppleWebKit\\/537.36 (KHTML, like Gecko) Chrome\\/49.0.2623.112 Safari\\/537.36\",\"eVar5\":\"wbc:banking:pay:transfer funds:confirmation\",\"eVar26\":\"https:\\/\\/banking.westpac.com.au\\/secure\\/banking\\/overview\\/payments\\/confirmation\",\"eVar48\":\"fbbad99a-aab6-11ea-bec0-6e1429c0330c\",\"eVar4\":\"wbc:banking:pay:transfer funds:confirmation\",\"eVar25\":\"55239963686100089117791106134012225216\",\"eVar47\":\"8a494602-df5d-4e5b-b48f-3e0a449c241c\",\"eVar3\":\"wbc:banking:pay:transfer funds\",\"eVar24\":\"digital\",\"eVar35\":\"7eb955f6-0446-11e4-919a-4e2fde3c080a\",\"eVar2\":\"wbc:banking:pay\",\"eVar29\":\"Less than 1 day\",\"eVar1\":\"wbc:banking\",\"eVar40\":\"logged in\",\"eVar50\":\"EV1\"}},\"events\":{\"event1\":[{\"count\":1,\"exponent\":0,\"unique\":\"\"}],\"event40\":[{\"count\":0,\"exponent\":-2,\"unique\":\"\"}],\"event39\":[{\"count\":1,\"exponent\":0,\"unique\":\"\"}],\"event56\":[{\"count\":1,\"exponent\":0,\"unique\":\"\"}],\"event27\":[{\"count\":1,\"exponent\":0,\"unique\":\"\"}]},\"products\":[{\"name\":\"payment:transfer funds\",\"category\":\"\",\"units\":1,\"revenue\":0,\"events\":{\"event40\":[{\"count\":100000000,\"exponent\":-2,\"unique\":\"\"}]},\"evars\":{\"evars\":{\"eVar37\":\"payment:qty:1\",\"eVar51\":\"payment:transfer funds:paid:AUD:1M+\"}}}],\"geoCountry\":\"aus\",\"geoRegion\":\"nsw\",\"geoCity\":\"sydney\",\"geoZip\":\"2000\",\"geoDMA\":36117,\"geoLatitude\":-33.87,\"geoLongitude\":151.2,\"connectionType\":\"LAN\\/Wifi\",\"topLevelDomain\":\".net\",\"languageAbbrev\":\"en-us\",\"language\":\"English (United States)\",\"searchEngine\":\"<Unknown>\",\"bot\":\"<Not a bot>\",\"operatingSystem\":\"OS X 10.8.5\",\"browserType\":\"Google\",\"browser\":\"Google Chrome 49.0\",\"javascriptVersion\":\"1.6\",\"monitorWidth\":1440,\"monitorHeight\":1440,\"monitorColorDepth\":\"16 million (24-bit)\",\"carrier\":\"\",\"mobileDeviceType\":\"\",\"mobileDeviceName\":\"\",\"mobileManufacturer\":\"\",\"mobileScreenWidth\":0,\"mobileScreenHeight\":0,\"mobileCookieSupport\":false,\"mobileColorDepth\":\"\",\"mobileAudioSupport\":\"\",\"mobileVideoSupport\":\"\",\"pageURL\":\"https:\\/\\/banking.westpac.com.au\\/secure\\/banking\\/overview\\/payments\\/confirmation\",\"pageName\":\":home-loan\",\"usesPersistentCookie\":1,\"homePage\":0,\"browserHeight\":709,\"browserWidth\":1440,\"javaEnabled\":false,\"ip\":\"203.40.163.148\",\"isErrorPage\":false,\"purchaseId\":\"\",\"referrer\":\"https:\\/\\/banking.westpac.com.au\\/secure\\/banking\\/manage\\/payments\\/sendreceiptbymail?paymentId=70324B30744B3479434752757832365730344A2F4A513D3D&isInternational=False\",\"state\":\"\",\"userAgent\":\"Mozilla\\/5.0 (Macintosh; Intel Mac OS X 10_8_5) AppleWebKit\\/537.36 (KHTML, like Gecko) Chrome\\/49.0.2623.112 Safari\\/537.36\",\"plugins\":\"\",\"currency\":\"AUD\",\"hitSource\":\"1\",\"transactionId\":\"\",\"truncated\":false,\"zip\":\"\",\"mcAudiences\":{\"values\":[\"14513703\",\"10861961\",\"9343603\",\"9343599\",\"9343581\",\"9343547\",\"9343545\",\"9343509\",\"9343421\",\"9343411\",\"9343405\",\"9343397\"],\"delim\":44},\"sourceName\":\"Adobe\"}"
  },
  "eventException": {
    "exceptionId": "123455",
    "exceptionDescription": "Invalid Date",
    "exceptionDetails": "Date should be YYYY-DD-MM format"
  }
}